chr	start	end	Copy Number	Type	Mosaic Percentage
1	700001	121500000	1.940461756	No Change	nan
1	142400001	175400000	2.017124315	No Change	nan
1	175400001	249300000	2.289765728	No Change	30%
2	1	12300000	1.694899817	Loss	30%
2	12300001	71000000	2.084931522	No Change	nan
2	71000001	92400000	1.770921177	No Change	nan
2	95300001	133700000	1.708937932	No Change	30%
2	133700001	231500000	2.289607019	No Change	30%
2	231500001	243100000	1.668440225	Loss	30%
3	100001	46700000	1.99612214	No Change	nan
3	46700001	53900000	1.463882745	Loss	50%
3	53900001	90600000	2.072827413	No Change	nan
3	93400001	125600000	1.981372316	No Change	nan
3	125600001	129400000	1.03289958	Loss	aneuploidy
3	129400001	197900000	1.751753769	No Change	nan
4	1	49700000	2.347296357	Gain	30%
4	52500001	190900000	2.37281562	Gain	40%
5	1	2600000	0.7698237042	Loss	aneuploidy
5	2600001	6800000	1.562006005	Loss	40%
5	6800001	46400000	1.971235305	No Change	nan
5	49300001	92300000	1.798382622	No Change	nan
5	92300001	180700000	1.487201365	Loss	50%
6	200001	6200000	1.58688766	Loss	40%
6	6300001	30400000	2.014190307	No Change	nan
6	30400001	44800000	1.551431501	Loss	40%
6	44800001	58800000	2.154570043	No Change	nan
6	61700001	157200000	2.145925513	No Change	nan
6	157300001	171000000	1.803750757	No Change	nan
7	1	3100000	0.7512161582	Loss	aneuploidy
7	3100001	58100000	1.673884519	Loss	30%
7	60900001	156800000	1.714752073	No Change	30%
7	156800001	159100000	0.8874267829	Loss	aneuploidy
8	100001	2100000	1.521295065	Loss	50%
8	2100001	43900000	2.050960917	No Change	nan
8	46700001	141200000	2.112864136	No Change	nan
8	141200001	146300000	1.303056825	Loss	70%
9	200001	39200000	1.82829643	No Change	nan
9	44100001	44900000	1.446634036	Loss	60%
9	66300001	72400000	1.688918838	Loss	30%
9	72400001	90200000	2.146818164	No Change	nan
9	90200001	130000000	1.698898898	Loss	30%
9	130000001	141000000	1.203136224	Loss	aneuploidy
10	200001	37200000	2.154868751	No Change	nan
10	37200001	39200000	1.845996733	No Change	nan
10	42200001	90200000	1.801876334	No Change	nan
10	90200001	135400000	2.040750768	No Change	nan
11	100001	2800000	0.7768995602	Loss	aneuploidy
11	2900001	51600000	1.676206625	Loss	30%
11	54700001	60700000	2.042732086	No Change	nan
11	60700001	72600000	0.9882856515	Loss	aneuploidy
11	72600001	78000000	1.375065174	Loss	60%
11	78000001	116500000	2.039478078	No Change	nan
11	116500001	120000000	1.223488041	Loss	aneuploidy
11	120000001	134900000	1.870728248	No Change	nan
12	100001	13700000	1.56265576	Loss	40%
12	13700001	34900000	1.987011194	No Change	nan
12	37800001	133800000	2.051529643	No Change	nan
13	19200001	115100000	2.132432389	No Change	nan
14	19000001	107300000	1.795642316	No Change	nan
15	20000001	102400000	1.926390256	No Change	nan
16	1	35300000	1.92558926	No Change	nan
16	46300001	90100000	1.836425029	No Change	nan
17	1	22300000	1.972875614	No Change	nan
17	25200001	81100000	2.252926113	No Change	30%
18	1	15500000	1.991285387	No Change	nan
18	18400001	78100000	1.937773569	No Change	nan
19	300001	24600000	1.89159076	No Change	nan
19	27600001	36100000	1.680977017	Loss	30%
19	36100001	38800000	1.037635684	Loss	aneuploidy
19	38900001	59100000	1.752725417	No Change	nan
20	1	6200000	1.414409628	Loss	60%
20	6200001	23000000	1.959927108	No Change	nan
20	23000001	26400000	1.245478399	Loss	aneuploidy
20	29400001	37600000	1.053872254	Loss	aneuploidy
20	37600001	55200000	1.590852413	Loss	40%
20	55200001	62900000	0.9741393036	Loss	aneuploidy
21	9800001	11200000	1.86748933	No Change	nan
21	14200001	42900000	1.749690805	No Change	30%
21	42900001	48100000	0.8126465993	Loss	aneuploidy
22	16500001	25900000	1.773132073	No Change	nan
22	25900001	37400000	2.199537198	No Change	nan
22	37400001	51200000	1.534639719	Loss	50%
X	200001	58600000	1.970279087	No Change	nan
X	61500001	155300000	1.994877283	No Change	nan
Y	2600001	10100000	1.886353421	No Change	nan
Y	13000001	24500000	2.205338326	No Change	nan
Y	28400001	28900000	2.839624172	Gain	aneuploidy
Y	58800001	59100000	2.399277452	Gain	40%